-- phpMyAdmin SQL Dump
-- version 4.9.1
-- https://www.phpmyadmin.net/
--
-- Host: localhost
-- Generation Time: Feb 23, 2020 at 07:32 PM
-- Server version: 10.4.8-MariaDB
-- PHP Version: 7.3.10

SET SQL_MODE = "NO_AUTO_VALUE_ON_ZERO";
SET AUTOCOMMIT = 0;
START TRANSACTION;
SET time_zone = "+00:00";


/*!40101 SET @OLD_CHARACTER_SET_CLIENT=@@CHARACTER_SET_CLIENT */;
/*!40101 SET @OLD_CHARACTER_SET_RESULTS=@@CHARACTER_SET_RESULTS */;
/*!40101 SET @OLD_COLLATION_CONNECTION=@@COLLATION_CONNECTION */;
/*!40101 SET NAMES utf8mb4 */;

--
-- Database: `api`
--

-- --------------------------------------------------------

--
-- Table structure for table `Authors`
--

CREATE TABLE `Authors` (
  `id` int(11) NOT NULL,
  `first_name` varchar(50) COLLATE utf8_unicode_ci NOT NULL,
  `last_name` varchar(50) COLLATE utf8_unicode_ci NOT NULL,
  `email` varchar(100) COLLATE utf8_unicode_ci NOT NULL,
  `birthdate` date NOT NULL,
  `added` timestamp NOT NULL DEFAULT current_timestamp()
) ENGINE=InnoDB DEFAULT CHARSET=utf8 COLLATE=utf8_unicode_ci;

--
-- Dumping data for table `Authors`
--

INSERT INTO `Authors` (`id`, `first_name`, `last_name`, `email`, `birthdate`, `added`) VALUES
(1, 'John', 'Borer', 'ransom.frami@example.com', '2004-03-19', '1970-05-19 09:14:42'),
(2, 'Johnathon', 'Schowalter', 'anjali.frami@example.com', '2011-01-26', '1977-06-09 13:35:14'),
(3, 'Alexandrine', 'Hamill', 'freida.wisozk@example.org', '2012-07-19', '2009-01-16 09:45:49'),
(4, 'Karen', 'Padberg', 'roma.funk@example.org', '1982-07-06', '1998-07-26 03:25:54'),
(5, 'Althea', 'Mohr', 'grady86@example.com', '2008-10-18', '1976-03-31 20:26:04'),
(6, 'Lindsey', 'Luettgen', 'bethany68@example.net', '1984-12-31', '1980-03-10 21:10:25'),
(7, 'Aisha', 'Daugherty', 'torrance.robel@example.net', '2003-05-04', '1995-06-13 04:00:29'),
(8, 'Archibald', 'Torp', 'kallie77@example.org', '2018-11-03', '1979-02-11 21:15:26'),
(9, 'Fae', 'Zulauf', 'deangelo09@example.net', '2006-08-11', '1987-02-13 06:38:22'),
(10, 'Jaydon', 'Bartell', 'jacinto.gerlach@example.org', '2002-01-31', '1972-02-23 22:10:52'),
(11, 'Maida', 'Christiansen', 'erwin81@example.com', '2009-05-10', '2011-02-01 06:00:17'),
(12, 'Sandra', 'Turcotte', 'pjast@example.com', '2017-02-12', '1989-11-06 14:51:55'),
(13, 'Toney', 'Sawayn', 'lnicolas@example.com', '1970-09-16', '1988-09-23 08:45:45'),
(14, 'Lavina', 'Daniel', 'hayes.nyasia@example.com', '2006-11-20', '1976-05-20 08:58:48'),
(15, 'Brenden', 'Feil', 'wkuvalis@example.org', '2009-03-18', '1998-05-07 05:49:53'),
(16, 'Lavina', 'O\'Keefe', 'davonte.yundt@example.net', '2009-11-17', '2006-09-04 23:19:11'),
(17, 'Myrtis', 'Kautzer', 'frederik69@example.net', '2007-12-21', '1984-01-26 19:00:34'),
(18, 'Mackenzie', 'Hackett', 'neoma07@example.net', '2011-07-10', '1971-03-21 20:33:04'),
(19, 'Rolando', 'Padberg', 'estokes@example.org', '2010-05-16', '1998-02-18 05:21:07'),
(20, 'Leon', 'Oberbrunner', 'boehm.savanah@example.org', '2005-06-09', '2004-07-04 06:50:14'),
(21, 'Sherwood', 'Towne', 'jocelyn.stamm@example.com', '2016-03-03', '2002-02-24 08:23:26'),
(22, 'Aglae', 'O\'Conner', 'reid61@example.com', '1981-01-11', '2011-11-28 00:47:33'),
(23, 'Lola', 'Herman', 'jaida90@example.net', '1984-12-14', '1982-07-18 14:24:11'),
(24, 'Patrick', 'Bergnaum', 'reilly66@example.com', '1999-11-08', '1971-04-06 07:20:35'),
(25, 'Ludie', 'King', 'nkoch@example.org', '1971-05-11', '1984-08-11 02:04:54'),
(26, 'Taurean', 'Schultz', 'xhammes@example.net', '1988-01-21', '1984-09-23 15:32:13'),
(27, 'Elmer', 'Nienow', 'enrique.hermiston@example.net', '1974-06-09', '2012-10-20 19:51:49'),
(28, 'Gust', 'Reichert', 'ynikolaus@example.net', '1991-04-30', '1979-11-27 11:08:59'),
(29, 'Brain', 'Will', 'schimmel.janie@example.net', '1997-04-05', '2001-01-25 17:18:14'),
(30, 'Thaddeus', 'Brown', 'deonte77@example.com', '1979-01-08', '1973-08-20 22:51:17'),
(31, 'Nyasia', 'Hoppe', 'denesik.irwin@example.net', '1983-06-18', '1998-07-01 22:08:56'),
(32, 'Danny', 'Rath', 'bo\'keefe@example.com', '2000-10-10', '1981-09-13 12:15:44'),
(33, 'Annalise', 'Kozey', 'roob.kaden@example.org', '1982-06-29', '1976-04-27 04:35:15'),
(34, 'Art', 'Adams', 'michale42@example.com', '1982-02-03', '1984-10-04 21:39:47'),
(35, 'Willa', 'Feeney', 'cecelia.funk@example.net', '2009-06-01', '2014-11-24 23:42:22'),
(36, 'Jaclyn', 'Hartmann', 'alice13@example.net', '1985-07-07', '2013-09-11 19:28:23'),
(37, 'Armand', 'Blick', 'rahsaan.yundt@example.org', '2013-05-15', '1985-10-14 12:18:00'),
(38, 'Else', 'Lind', 'clark.wilderman@example.com', '2012-10-10', '1985-06-13 19:11:48'),
(39, 'Lauriane', 'Parker', 'korey97@example.org', '2017-07-27', '1979-12-23 00:43:29'),
(40, 'Kenton', 'Hoeger', 'smitham.melyna@example.com', '2004-09-08', '1981-04-30 20:00:08'),
(41, 'Alessandra', 'Lueilwitz', 'woodrow95@example.com', '1973-05-18', '1987-07-26 12:36:54'),
(42, 'Anibal', 'Schamberger', 'cronin.haley@example.org', '1990-05-23', '2004-09-16 14:50:24'),
(43, 'Eliane', 'Medhurst', 'mayer.alexzander@example.com', '1988-07-01', '1995-09-16 09:14:35'),
(44, 'Malachi', 'Stanton', 'cooper43@example.org', '1992-03-17', '1992-01-05 14:07:30'),
(45, 'Itzel', 'Swaniawski', 'lterry@example.net', '1977-06-08', '2003-06-17 01:38:14'),
(46, 'Bruce', 'Weissnat', 'auer.roma@example.net', '1996-07-26', '1992-08-31 21:11:34'),
(47, 'Jimmie', 'Corkery', 'lon.daniel@example.org', '1999-05-17', '2013-10-20 08:58:12'),
(48, 'Ludie', 'Bogan', 'oral13@example.org', '1973-05-24', '1987-07-24 02:44:22'),
(49, 'Liza', 'Leuschke', 'ricky.bernhard@example.org', '1999-11-27', '2000-03-04 08:14:10'),
(50, 'Darrel', 'Auer', 'devonte82@example.net', '1998-12-06', '2008-01-12 16:33:39'),
(51, 'Melyna', 'Tromp', 'lou64@example.com', '2002-11-07', '2019-04-01 07:05:59'),
(52, 'Robin', 'Johnston', 'jgreenfelder@example.org', '2013-02-24', '1974-08-20 21:55:42'),
(53, 'Rasheed', 'Kutch', 'aiyana.sipes@example.net', '1980-12-11', '2014-12-18 09:55:48'),
(54, 'Nelda', 'Hyatt', 'stephania.feest@example.org', '2014-07-20', '2018-08-07 04:07:47'),
(55, 'Reuben', 'Osinski', 'lambert.bailey@example.org', '2007-03-16', '2000-05-15 05:17:25'),
(56, 'Gertrude', 'Kautzer', 'ozella57@example.org', '2001-12-23', '1970-08-08 16:31:41'),
(57, 'Arely', 'VonRueden', 'adolph11@example.net', '2002-05-02', '2000-04-15 21:40:41'),
(58, 'Aileen', 'Hodkiewicz', 'peter.fahey@example.com', '1990-08-01', '1974-01-09 19:29:59'),
(59, 'Haskell', 'Armstrong', 'ellis.rippin@example.net', '1983-12-27', '1994-04-28 01:11:14'),
(60, 'Judd', 'Hammes', 'waters.dena@example.com', '1985-01-09', '1971-12-09 13:23:57'),
(61, 'Laurel', 'Dickens', 'bwatsica@example.com', '2010-07-19', '1982-10-03 08:13:35'),
(62, 'Fausto', 'Lockman', 'smclaughlin@example.org', '1981-09-01', '2016-02-13 06:40:20'),
(63, 'Vada', 'Hahn', 'ngoldner@example.com', '1985-02-25', '2020-01-04 14:57:29'),
(64, 'Mia', 'Haley', 'edgardo.abbott@example.com', '1978-01-29', '1992-09-14 09:40:29'),
(65, 'Syble', 'Metz', 'freda.cormier@example.org', '1995-02-20', '1980-04-06 08:06:12'),
(66, 'Christelle', 'Dach', 'janick.hahn@example.com', '1988-09-19', '1997-03-30 16:45:04'),
(67, 'Opal', 'Kuhlman', 'jazmin.grimes@example.org', '1999-09-13', '2018-07-31 03:35:34'),
(68, 'Anthony', 'Blick', 'chaz.king@example.com', '1998-05-07', '2016-09-07 09:13:15'),
(69, 'Cora', 'Johnson', 'shyann.hoppe@example.net', '1995-08-12', '2003-06-06 01:17:42'),
(70, 'Emmett', 'Kerluke', 'lucienne46@example.net', '1973-04-23', '1994-06-05 11:56:33'),
(71, 'Maximus', 'Harvey', 'gjenkins@example.org', '1982-12-26', '2015-03-26 08:14:55'),
(72, 'Davon', 'McLaughlin', 'durgan.dedrick@example.org', '2011-10-06', '2012-04-17 03:25:48'),
(73, 'Emmet', 'Stanton', 'jakob.schuppe@example.com', '2002-02-25', '1971-05-29 02:58:44'),
(74, 'Jabari', 'Graham', 'lessie.collins@example.com', '1991-07-15', '1974-06-20 05:41:34'),
(75, 'Nova', 'Brekke', 'tess61@example.org', '1980-09-25', '1973-03-30 02:12:02'),
(76, 'Forest', 'Terry', 'dwhite@example.net', '2003-05-14', '1996-01-29 03:45:56'),
(77, 'Maryjane', 'Jones', 'sandy90@example.net', '1984-06-21', '2016-10-12 21:33:34'),
(78, 'Christ', 'Zieme', 'clemens.raynor@example.net', '1979-01-09', '1979-06-26 07:41:27'),
(79, 'Olen', 'Jacobs', 'lina.turcotte@example.com', '1979-11-09', '2008-01-21 02:54:31'),
(80, 'Wilson', 'Bode', 'viviane06@example.com', '2000-04-28', '2010-08-17 10:14:02'),
(81, 'Leone', 'Legros', 'fahey.rickie@example.org', '1995-02-22', '2003-02-08 00:57:34'),
(82, 'Isabel', 'Schowalter', 'mkeebler@example.com', '2010-08-26', '1999-08-31 15:11:10'),
(83, 'Fernando', 'Champlin', 'gladys81@example.com', '2018-11-01', '2016-03-16 20:48:58'),
(84, 'Arno', 'Ratke', 'michelle.shields@example.net', '1977-04-19', '2001-08-31 21:39:32'),
(85, 'Hayley', 'VonRueden', 'connelly.marianne@example.net', '1993-11-21', '2004-03-04 22:19:01'),
(86, 'Nakia', 'Corkery', 'jenkins.zachery@example.net', '2005-09-19', '1983-06-24 04:41:49'),
(87, 'Milton', 'Blanda', 'jacobs.vicente@example.net', '1987-11-06', '2016-04-21 04:50:16'),
(88, 'Kailee', 'Cartwright', 'kautzer.colleen@example.com', '1991-01-30', '1977-08-08 06:35:18'),
(89, 'Kaycee', 'Rath', 'gay59@example.net', '1984-01-13', '2002-08-05 23:43:14'),
(90, 'Doyle', 'Gerhold', 'zaria.willms@example.com', '2016-03-17', '1970-09-02 21:03:26'),
(91, 'Kirstin', 'Nitzsche', 'colton.beahan@example.com', '2000-05-29', '1992-05-19 15:13:20'),
(92, 'Asha', 'McKenzie', 'koelpin.sherman@example.net', '2004-11-12', '1996-01-09 08:47:11'),
(93, 'Pietro', 'Skiles', 'cremin.leila@example.com', '2010-04-19', '2001-06-20 03:37:46'),
(94, 'Enid', 'Schiller', 'bdavis@example.net', '1975-09-20', '2010-01-08 20:43:59'),
(95, 'Kasey', 'Koepp', 'awisozk@example.org', '2016-04-30', '1987-04-11 15:26:31'),
(96, 'Andres', 'Kunde', 'grant.bogisich@example.org', '2005-10-25', '1971-06-27 16:55:12'),
(97, 'Eleonore', 'Mueller', 'carol54@example.com', '2004-05-31', '1984-05-16 04:52:20'),
(98, 'Julian', 'Walker', 'robbie42@example.com', '2003-03-14', '1997-04-29 21:11:30'),
(99, 'Anderson', 'Parisian', 'derek61@example.com', '1980-07-31', '2010-07-08 03:42:15'),
(100, 'Shayne', 'Jast', 'elliott.mcdermott@example.org', '2014-12-19', '1999-04-01 01:00:26');

-- --------------------------------------------------------

--
-- Table structure for table `fluent`
--

CREATE TABLE `fluent` (
  `id` varbinary(16) NOT NULL,
  `name` varchar(255) NOT NULL,
  `batch` bigint(20) NOT NULL,
  `createdAt` datetime(6) DEFAULT NULL,
  `updatedAt` datetime(6) DEFAULT NULL
) ENGINE=InnoDB DEFAULT CHARSET=utf8mb4;

--
-- Dumping data for table `fluent`
--

INSERT INTO `fluent` (`id`, `name`, `batch`, `createdAt`, `updatedAt`) VALUES
(0x204f78730ccc4ca4bc57e5f0f3b3aefe, 'Authors', 2, '2020-02-21 17:49:35.347633', '2020-02-21 17:49:35.347633'),
(0xdac7eb5f46e448baaf4a2e6de90c7ee8, 'Posts', 3, '2020-02-23 16:58:35.108902', '2020-02-23 16:58:35.108902');

-- --------------------------------------------------------

--
-- Table structure for table `Posts`
--

CREATE TABLE `Posts` (
  `id` int(11) NOT NULL,
  `author_id` int(11) NOT NULL,
  `title` varchar(255) COLLATE utf8_unicode_ci NOT NULL,
  `description` varchar(500) COLLATE utf8_unicode_ci NOT NULL,
  `content` text COLLATE utf8_unicode_ci NOT NULL,
  `date` date NOT NULL
) ENGINE=InnoDB DEFAULT CHARSET=utf8 COLLATE=utf8_unicode_ci;

--
-- Dumping data for table `Posts`
--

INSERT INTO `Posts` (`id`, `author_id`, `title`, `description`, `content`, `date`) VALUES
(1, 1, 'Atque qui ab fugiat qui alias.', 'Fugit et impedit ad. Et ad sit ea ut consequuntur occaecati debitis. Suscipit alias accusantium ea maiores consequatur ea.', 'Omnis eos vel vel occaecati ut aut. Magnam voluptatem non voluptas dolorem. Laudantium distinctio quis corporis sunt aut. Molestiae fugit et dolorem et omnis delectus ut.', '2004-03-22'),
(2, 2, 'Harum vel vitae voluptatem et voluptatem ut.', 'Nihil velit aut aut amet harum ex. Nisi et omnis repellat neque. Nostrum eveniet voluptatum incidunt labore. Porro voluptatem deserunt voluptas asperiores rem consequuntur.', 'Voluptatibus qui assumenda nulla possimus libero alias. Occaecati dicta at sit similique. Sed dolorum et consectetur ea delectus modi rerum. Delectus veniam saepe itaque alias et eum minus.', '2010-02-12'),
(3, 3, 'Laudantium praesentium qui optio sint qui vel quidem.', 'Qui reprehenderit ratione aut rerum provident. Quia voluptatibus cupiditate ut quaerat minima libero. Qui dolorum provident similique atque quo vel. Laboriosam sit et est. Beatae aut magni eos laboriosam occaecati sed nobis.', 'Quas amet ut repellendus sed. Alias illum optio porro non cumque.\nPlaceat dolorem unde nihil sit et dignissimos. Nihil corporis ad rerum earum id. Sunt et in laboriosam quidem ea est.', '2011-07-30'),
(4, 4, 'Fuga enim itaque iusto id eum aut perspiciatis non.', 'Natus molestiae sed minus accusamus. Nulla nemo odit perspiciatis aut corporis at modi. Quidem temporibus quia et. Tempore totam quo pariatur.', 'A quisquam perspiciatis eos et delectus quia enim. Aut in aperiam aspernatur assumenda mollitia soluta quod dolorem. Fuga autem aut reprehenderit maiores itaque consequuntur quo.', '1991-04-12'),
(5, 5, 'Quis voluptatem sed dolores odio rerum.', 'Vitae ut non non id beatae iste quas vel. Tempora et odio fugiat dolorum sint qui totam. Ea sunt perspiciatis similique ut.', 'Iusto amet vero qui labore. Perspiciatis aliquid quo dolorem dolor. Est quasi qui quibusdam possimus repellat asperiores. Non quis et recusandae nobis eos omnis ut.', '2011-02-10'),
(6, 6, 'Illo sed quo ab voluptatem.', 'Sunt vitae voluptate sequi assumenda quis omnis ipsa. Corrupti accusamus alias voluptas labore excepturi.', 'Dignissimos distinctio rerum voluptatum. Nostrum sint iste incidunt at totam at. Deserunt et quibusdam blanditiis quaerat incidunt. Aut libero deleniti nisi alias sit libero.', '2013-01-08'),
(7, 7, 'Est facere asperiores provident eum labore inventore.', 'Sunt et explicabo asperiores iusto placeat tempore. Et officia ut qui nobis excepturi. Quas nostrum sunt quia necessitatibus. Tempora reprehenderit unde rerum illo est. Ratione ullam dolore labore voluptatem eos.', 'Nisi nam ut iusto laborum velit aut. Quasi quis enim asperiores occaecati odit. Occaecati maiores consequuntur alias itaque culpa vitae.', '2002-04-17'),
(8, 8, 'Quasi architecto nesciunt non voluptatem adipisci.', 'A eum corporis tempora vel. Cupiditate qui quis delectus rerum et voluptatem. Optio quia illo et facilis est quibusdam id. Cupiditate explicabo consequatur dolor.', 'Non ut quisquam perspiciatis architecto. Quidem commodi eos modi aut fuga dolorem magnam. Commodi aliquid dolores alias incidunt ipsum ut.', '1997-04-22'),
(9, 9, 'Aut quas maxime accusantium rerum.', 'Ipsa aut accusamus eligendi deserunt velit exercitationem numquam. Qui sunt non quia ipsa deserunt consequuntur voluptatibus.', 'Consectetur tempora sed repellendus. Error qui et qui non. Dolor soluta voluptate incidunt veniam natus.', '1987-04-04'),
(10, 10, 'Eos excepturi amet voluptas ullam.', 'Necessitatibus impedit aut officia ut. Aut dolorem animi in maxime consequatur. Asperiores ut inventore ipsum autem. Est aspernatur dignissimos inventore ipsum.', 'Aspernatur consequatur temporibus omnis similique. Quo repudiandae ad et distinctio. Laboriosam tenetur enim voluptas reprehenderit inventore aperiam.', '2001-10-21'),
(11, 11, 'Aliquid in dignissimos ipsum occaecati.', 'Culpa dolores officia nam fuga laborum. Quam voluptatem corrupti voluptas in beatae animi.', 'Aut accusamus non laboriosam consectetur praesentium amet ad. Ad neque et aut eligendi pariatur. Nobis nisi aliquam ullam velit. Nemo voluptates soluta officiis quas cum voluptatibus quasi eligendi.', '1979-01-04'),
(12, 12, 'Ab nesciunt sit provident nesciunt.', 'Dolor sint quo placeat dignissimos rem sit. Dolor omnis autem sed consequatur minus quidem sint velit. A debitis aperiam placeat ut quasi necessitatibus. Exercitationem earum omnis architecto nulla.', 'Nostrum aut occaecati aut nesciunt. Distinctio dignissimos ducimus totam enim. Est consequuntur animi fugiat quae velit illo. Ut unde est qui.', '2015-09-11'),
(13, 13, 'Ipsam voluptatum suscipit quos ea placeat eius quis.', 'At voluptatem aliquid incidunt molestiae unde velit. Eaque dolorem id quia veniam non error. Quia eligendi et culpa veniam corrupti sunt illo. Fugiat et sed delectus alias possimus omnis est eligendi.', 'Perferendis asperiores velit quasi eum. Id itaque adipisci et et quasi reprehenderit. Nisi possimus optio ea quis doloribus.', '1996-10-12'),
(14, 14, 'Iste ducimus nobis consequatur.', 'Quam sed a impedit ratione. Cum quam laborum voluptas quis maiores enim sit distinctio. Adipisci quia praesentium provident. Ea nulla blanditiis non odit sed.', 'Corporis eum ipsa voluptas. Aut suscipit non est exercitationem ducimus. Soluta sunt mollitia blanditiis debitis sit ut similique neque. Magnam id incidunt pariatur officia aut autem ut.', '2018-02-05'),
(15, 15, 'Vero pariatur molestiae et.', 'Repudiandae tempora ea aut nam velit nobis tempora. Officiis perferendis ad non sed est est pariatur. Sapiente qui repellendus veniam. Cupiditate voluptas quam ullam aliquid eum quos.', 'Distinctio voluptates reiciendis deleniti alias adipisci veritatis. Perspiciatis iure ut nemo sed. Eligendi quaerat dicta excepturi laudantium.', '2008-12-25'),
(16, 16, 'Iste accusantium quis aperiam esse.', 'Nihil voluptatem sit est delectus est earum ab. Expedita officia at odio in id quo soluta sapiente. Eveniet enim magni omnis deserunt officiis consequatur.', 'Id aperiam dolor aliquam ea. Deserunt praesentium optio delectus ducimus quia.', '1986-08-28'),
(17, 17, 'Voluptatem minima voluptatum ipsum non et harum eum.', 'Dolore magnam facere modi optio maxime accusamus mollitia. Itaque unde fugiat quasi blanditiis veniam et. Velit enim autem qui quo et est est. Minima voluptate dolor quam qui vero.', 'Qui dolores debitis harum eum qui velit vitae sint. Doloremque vitae ipsum optio doloribus totam. Provident molestiae nisi eum.', '2010-11-25'),
(18, 18, 'Quia blanditiis aliquid sapiente magni deserunt.', 'Iste laudantium quis expedita dolorem repellat officia explicabo ut. Nisi maxime rerum excepturi quo dignissimos et. Aut quo facilis autem laborum.', 'Assumenda molestias consequatur autem unde velit est. Nemo assumenda omnis possimus. Nihil rerum in totam.', '2009-11-28'),
(19, 19, 'Saepe aut delectus dolorum voluptas error nostrum.', 'Reprehenderit alias sunt earum harum harum. Aut modi asperiores delectus consequatur omnis. Commodi dolorum sunt sed voluptates voluptas pariatur. Veniam alias officiis ipsa itaque.', 'Aut ea iusto qui voluptatem nihil aliquam excepturi. Sunt rerum aut in non quos. Sunt dolorem repellat sit voluptatem illo. Nobis et quidem facere illo a quis praesentium laborum.', '2005-01-18'),
(20, 20, 'Modi quibusdam consequatur ut ipsa voluptate laborum.', 'Porro consequatur sunt in asperiores sapiente est quasi. Repellat adipisci eius qui alias sit autem. Et qui animi modi expedita.', 'Voluptates magni quia blanditiis quibusdam eius fugiat natus. Inventore qui sint quis eos tempora.', '2002-03-30'),
(21, 21, 'Maiores ducimus aut et vel et.', 'Quisquam ex dolores nisi consequuntur. Eaque minima dolor magnam voluptatem ex quia suscipit. Est impedit excepturi et ut. Est ut illo reiciendis molestiae ab.', 'Quia iure ut qui repellendus exercitationem perferendis qui. Voluptas harum quod dolorem repellat aspernatur.', '2006-01-18'),
(22, 22, 'Magni et velit provident rerum voluptatum.', 'Et nesciunt quae architecto illum. Provident et consequatur nisi aut. Repellat aut aut minus voluptatem qui distinctio. Labore est illo iusto ut maxime.', 'Officiis ullam ut ipsam harum. Quisquam vitae id ad in ratione molestiae. Cum ut recusandae voluptate non commodi eum quo dicta. Est vel ratione molestias aperiam sunt ea magni quisquam.', '2003-08-24'),
(23, 23, 'Molestiae ducimus quis consequatur accusantium amet.', 'Doloribus et nesciunt cupiditate repellat qui magnam tempora. Dolorum aut modi omnis enim quae. Et ut accusamus dolorem molestiae.', 'Veritatis nihil et et occaecati odit et. Esse repellat sed sit iste delectus amet. Quo quia qui eaque distinctio aut consequatur aut esse. Magni libero iusto incidunt a quia accusantium reiciendis.', '2018-05-13'),
(24, 24, 'Iusto quam minima repellendus exercitationem at.', 'Eaque occaecati eum est tenetur aperiam voluptatem. Aperiam voluptates rem ut et nemo corporis inventore. Ratione qui labore illo cum eveniet est expedita.', 'Ea similique consequatur aut. Qui omnis deleniti quis.', '1983-03-22'),
(25, 25, 'Ipsam deserunt est mollitia at architecto et.', 'Aut placeat voluptas tempore nesciunt. Qui labore qui nihil distinctio porro natus maxime. Reprehenderit perferendis beatae soluta qui. Incidunt impedit eos omnis magni tempora exercitationem.', 'Autem autem ut iusto est. Sit exercitationem labore autem. Labore consequuntur aut et architecto eum. Odit temporibus quia occaecati.', '1994-08-20'),
(26, 26, 'Ut sequi voluptatem ut dolorem.', 'Nesciunt magni natus officia expedita deleniti. Ut voluptas asperiores tempora explicabo velit quam unde. Optio in accusamus aliquam.', 'Ullam in dolorum quod et. Itaque et autem accusamus pariatur occaecati. Culpa voluptate ipsa et corporis ratione et veniam dolorem. Aut et accusamus atque doloribus tempora et.', '2006-07-14'),
(27, 27, 'Eveniet error quisquam aut et nam eaque aliquam.', 'Doloremque nihil vel ex corporis rerum ut cupiditate. Eius dolores est molestiae. Corrupti illum sunt quidem eaque alias qui quisquam sed.', 'Magni reiciendis dolores sapiente eos aut hic. Inventore quaerat quia temporibus pariatur. Laborum qui laboriosam laudantium sit tenetur.', '2012-10-12'),
(28, 28, 'Quaerat ut numquam autem minima cum similique.', 'Eligendi a ipsam maiores nulla enim. Error quod similique quo sequi impedit accusantium et. Ea quas blanditiis unde occaecati vel quam et. Eius consequatur non facilis eius. Fugit similique fuga consequuntur repudiandae dolor repellendus est.', 'Est et voluptates vitae porro est sit in perspiciatis. Assumenda maiores ut quia et. Fugit nam in exercitationem. Cum voluptatibus animi voluptas.', '1985-04-02'),
(29, 29, 'Quia natus voluptatibus ut necessitatibus.', 'Quo quod est animi voluptate. Error provident ut nisi quia et est. Provident nesciunt dolor eum nemo neque aut et.', 'Expedita explicabo unde qui vel dicta qui reiciendis. Saepe et illum et earum voluptas quidem earum. Praesentium ad mollitia autem nobis voluptatem. Est perferendis quia magni sint.', '2006-09-01'),
(30, 30, 'Hic sed dolorem dolorem dicta nobis suscipit.', 'Mollitia veniam quae adipisci cupiditate incidunt corrupti. Corrupti deserunt magni ut nam voluptatum id. Eveniet dolores et enim dolores. Officiis ut consequatur exercitationem sit et vero.', 'Sequi qui saepe est nulla voluptas officiis molestias. Esse enim molestias vitae sapiente. Ea necessitatibus ut blanditiis minima reiciendis.', '1978-04-11'),
(31, 31, 'Nesciunt cupiditate eius suscipit nostrum hic.', 'Repellat repudiandae molestias deleniti et quis quae blanditiis. Quisquam in nesciunt fugit dolorem minima aut voluptates. Commodi quae et aliquid unde. Qui doloribus quos voluptates repellat voluptas sit.', 'Aut earum repellat corporis et. Qui repellat ipsa id quasi numquam velit. Aut minus qui possimus incidunt. Ea sapiente fuga fugiat et.', '2001-03-01'),
(32, 32, 'Eligendi eos aut non cum deserunt possimus inventore.', 'Architecto rerum omnis dolores eius ab perferendis consequatur. Expedita a excepturi id dolores quibusdam numquam assumenda ut. Quibusdam esse necessitatibus est. Minima voluptas enim mollitia et adipisci.', 'Ea consequuntur repudiandae aut expedita nesciunt ut quibusdam. Eveniet maxime ipsa soluta in eius hic.', '1989-08-04'),
(33, 33, 'Provident impedit pariatur dolores iure veniam.', 'Vel omnis nesciunt doloribus sunt. Numquam ratione cupiditate deserunt natus dolorum quasi quo. Praesentium deserunt enim et voluptatem.', 'Provident ipsam quidem magni reiciendis omnis rerum similique. Dignissimos atque qui voluptatem corporis vel. Similique quisquam odio eveniet et earum quos veniam.', '1997-11-11'),
(34, 34, 'Qui quas corrupti quia quasi sed iure laudantium quia.', 'Et et inventore laudantium aliquam. Eaque commodi aliquam totam ut dignissimos fugit ut. Provident enim harum et eligendi sunt aliquam voluptatem est. Facilis error adipisci natus quae veritatis.', 'Officiis ex qui rerum autem explicabo et. Eos ipsum nihil cumque aliquid magni. Modi necessitatibus id accusamus quasi.', '2017-05-28'),
(35, 35, 'Velit ducimus consectetur accusamus et hic.', 'Dolorem fugit blanditiis aspernatur qui rem neque quibusdam. Aut exercitationem rem exercitationem soluta in. Libero animi aspernatur nostrum iste consequuntur odio quod amet.', 'Nesciunt voluptatem porro unde qui quo est cumque numquam. Dignissimos similique laborum et blanditiis. Non molestias officia excepturi. Facere animi quasi facilis et ea asperiores deserunt nam.', '1999-06-17'),
(36, 36, 'Consequatur voluptas modi in.', 'Provident qui quia quas officia sequi architecto dicta. Placeat nobis consequuntur non iusto molestiae.', 'Error magni corrupti fuga necessitatibus nihil. Sed labore fuga qui unde corrupti. Id sed aut qui aspernatur quaerat consequatur.', '2004-05-28'),
(37, 37, 'Voluptatem voluptatum fugit enim ea aut.', 'Dolorem officiis eaque provident sit sint sit aut. Aliquid similique sit ducimus ad eum. Deserunt debitis ullam est quo iure quod iste. Iste saepe at sunt eos minus.', 'Aut architecto nemo modi fugiat esse sit. Earum soluta velit similique earum sint fugiat aut. Et accusamus ratione iusto in.', '1986-04-25'),
(38, 38, 'Accusantium enim rerum non laborum recusandae.', 'Quia iure tempore ab optio et velit odio reprehenderit. Ut assumenda aspernatur enim dolorem iure voluptatem enim iste.', 'Voluptatibus et vero ab enim. Possimus vel eum est est. Sed mollitia ut eaque eius non natus doloribus.', '2016-03-11'),
(39, 39, 'Iusto iste alias repudiandae dolorum sunt.', 'Commodi sit non et. Nam cupiditate et laborum dolores dolorem. Temporibus nulla molestiae doloremque nihil accusantium laudantium ut.', 'Reiciendis earum hic quis et exercitationem assumenda aut. Soluta enim quos quae est eius voluptatum. Beatae omnis ab eum ut similique minus.', '2015-03-25'),
(40, 40, 'Ut voluptate quas sunt ut quos.', 'Ratione harum quam in sequi voluptate eligendi dolorem. Rerum est ut occaecati provident perspiciatis non. Ut iusto dolorem et. Necessitatibus maxime dolor occaecati alias et expedita.', 'Excepturi consequuntur adipisci quia. Temporibus esse quis porro totam iusto.', '2008-07-19'),
(41, 41, 'Nemo beatae assumenda illo officia minima.', 'Corporis magni amet sed mollitia dicta quae temporibus. Dicta aut exercitationem esse fugiat in molestiae repellendus. Autem molestias blanditiis a officia illum. Non rem omnis sed at velit mollitia.', 'Nesciunt ab dolorem delectus facere facere. Cumque ducimus est quas neque quis tempora. Alias cumque et optio laboriosam rerum voluptatem sapiente.', '2016-10-19'),
(42, 42, 'Harum magni rerum suscipit aliquid itaque exercitationem.', 'Et voluptate eos sit dolor. Autem blanditiis vel voluptatem repudiandae ducimus provident animi. Aliquam quis omnis et quis labore rem exercitationem ab. Ipsum voluptatem vel facere veritatis. Et aut deleniti sed doloremque adipisci nostrum soluta.', 'Tempora ut provident accusantium neque vero aut. Ut similique ducimus cumque et. Reprehenderit voluptatum ullam at ratione et aut sint cum.', '1994-11-30'),
(43, 43, 'Ullam deserunt expedita ut eum consequatur vel perferendis.', 'Sequi nemo veritatis facilis neque nemo pariatur. Aut aperiam rerum nostrum et quaerat nulla quod. Vel enim occaecati dolorem laborum mollitia.', 'Itaque quo minus voluptatem perferendis. Earum eius inventore dolores eligendi. Esse qui et iste dolor et ut est. Voluptatem et sed ad quae fuga incidunt.', '1997-10-24'),
(44, 44, 'Omnis aliquid reiciendis consequatur et quis.', 'Omnis eos repudiandae molestiae non laboriosam error similique. Sit molestiae dolorem voluptatem blanditiis alias rerum aliquam. Quas sit dolorem pariatur natus reiciendis aut saepe sunt.', 'Omnis cupiditate et incidunt. Iste minus ut cum voluptatem voluptatem et aut. Labore et ea est illo. Nulla est alias minima.', '2006-12-19'),
(45, 45, 'Nostrum consequatur debitis quo accusamus.', 'Fugiat quo rerum dicta qui reprehenderit voluptatibus voluptas. Consectetur sint incidunt quia fuga magnam. Cupiditate nam asperiores cumque sint illo inventore.', 'Aut dolore sequi qui magnam consequatur ut dolores. Voluptatum ut et tenetur. Odit ad impedit doloremque reiciendis. Unde aliquid quo excepturi.', '1980-08-15'),
(46, 46, 'Et commodi repudiandae ipsum a magni omnis modi.', 'Deserunt temporibus magni veritatis. Eum magni commodi doloremque dolore. Veniam odio sunt eum sunt nemo repudiandae aut.', 'Distinctio non est perferendis sunt reprehenderit. Dolore quia non eius. Odit rerum eos ut esse ut qui.', '1984-03-30'),
(47, 47, 'Praesentium id rerum voluptas blanditiis vero voluptas et voluptatem.', 'Porro voluptatem omnis sunt facilis nesciunt qui. Consequuntur saepe facilis qui qui doloremque ut et. Distinctio officiis molestiae quis doloremque modi laborum.', 'Rem suscipit ex ex voluptatum voluptatem qui dignissimos. Fuga dolore temporibus repudiandae facilis aliquid exercitationem. Nisi delectus eum iusto molestias ab et. Minus est a ut doloremque qui.', '1990-04-21'),
(48, 48, 'Repellat repellendus cumque ab dolorem tenetur.', 'Soluta est consectetur delectus ratione similique impedit neque. Eius quas modi ut et quisquam qui alias. Error quo placeat a quia asperiores vel dicta.', 'Itaque sed aut autem est perspiciatis sapiente voluptatum non. Voluptatem assumenda non nobis saepe excepturi porro praesentium. Quo repudiandae ullam et quibusdam. Quae ex a soluta officia.', '1981-08-07'),
(49, 49, 'Incidunt tempora reiciendis eos magnam fugiat.', 'Aut dicta nulla autem sint. Perferendis qui quae consequatur aliquid et nesciunt.', 'Cum aliquid eveniet iure eius totam. Architecto optio necessitatibus eos eius voluptatem praesentium. Nihil et facere ex odit.', '1979-05-04'),
(50, 50, 'Facere sunt voluptatem est.', 'Ut dolorem perspiciatis magni nobis sunt necessitatibus ut est. Quam et ipsam fugit velit error unde vero doloribus. Error velit repellendus sunt culpa ea ipsum. Culpa aperiam accusantium eos odit at culpa aliquam.', 'Harum qui aut odit ratione aut qui ratione non. Perferendis voluptas accusamus nobis et omnis aut. Architecto aut esse possimus non eos similique. Ut non neque odit aut.', '1977-07-03'),
(51, 51, 'Repudiandae quod placeat veniam voluptatem numquam quia.', 'Rerum quis quos nobis quia molestiae dolore ratione. Dolor ut ex dolor tenetur optio dignissimos. Expedita at explicabo voluptate minus. Enim similique quidem occaecati consectetur tenetur non reiciendis. Dolorum totam dolore eligendi ipsa deleniti veritatis laudantium et.', 'Incidunt quibusdam commodi quam eum sed quia temporibus. Qui iure quisquam ipsum voluptas voluptates nostrum. Nam officiis laudantium sed voluptates sit magnam et recusandae.', '1993-11-03'),
(52, 52, 'Et eaque sed minima omnis magni molestias blanditiis.', 'Eveniet quidem voluptatem autem voluptas fugit dolor asperiores vitae. Incidunt iusto eum corporis iure molestiae. Natus sint facilis repudiandae ut tempore ipsam corporis labore. Repudiandae et rem tempore quidem. Quam porro quo in enim.', 'Suscipit commodi mollitia voluptatibus id quisquam delectus voluptate. Assumenda saepe illum reiciendis pariatur repudiandae mollitia. Quibusdam libero aliquam molestiae.', '1981-09-01'),
(53, 53, 'Odio molestias neque dolores.', 'Itaque ad accusantium est distinctio tempora vitae error. Ex omnis voluptatem autem temporibus ut rerum.', 'Totam quae totam sunt expedita ea omnis cumque. Saepe perferendis in nisi nisi qui eligendi consequuntur. Repellendus voluptatem voluptate aut harum ut. Consequatur quia fuga accusamus sed dolorem.', '1978-09-17'),
(54, 54, 'Facilis ut aperiam non vitae fuga ut suscipit.', 'Aut cum quae iure quasi doloribus occaecati. Aut harum quidem explicabo aut. Veritatis asperiores et ut eaque odit quasi.', 'Excepturi blanditiis et voluptas repudiandae. Adipisci delectus iure ullam architecto. Reiciendis odit sit dolores repellendus incidunt.', '1997-02-17'),
(55, 55, 'Praesentium deserunt suscipit cumque quisquam minima repellat deserunt.', 'Libero praesentium voluptatem et architecto et hic. Reprehenderit quibusdam consectetur dolore nemo sunt tempora consequatur sit. Culpa autem corporis qui magnam atque. Quidem consequatur qui non officia veniam earum fugiat.', 'Sequi et quo itaque et et perferendis minus. Sint consequatur distinctio enim placeat dolorem eveniet fugiat. Omnis voluptatum itaque nisi non ut.', '1995-12-26'),
(56, 56, 'Aspernatur sed ex eaque quia iste illo.', 'Pariatur quibusdam nulla doloribus molestiae cumque. Quae repellendus est sed sunt fuga saepe. Accusamus cum sint excepturi et voluptas.', 'Aut magni alias non unde. Expedita id sit nemo vel et aperiam. Et dicta vel et eos omnis quod earum.', '2009-02-27'),
(57, 57, 'Aliquam voluptatum aspernatur quae vel dignissimos ullam minima.', 'Quas est exercitationem labore. Id quia voluptatem iusto est temporibus sed. Omnis quis qui qui explicabo.', 'Minus exercitationem eos molestias et incidunt dolor. Omnis sed sed dolor consequatur. Qui autem porro beatae tenetur id non. Id praesentium possimus voluptatem dolor eum aut ratione optio.', '2015-10-17'),
(58, 58, 'Rerum temporibus aperiam nesciunt sit ea vitae.', 'Possimus animi voluptate officia iure sequi. Asperiores sint possimus voluptatem tempora occaecati voluptas praesentium. Error assumenda architecto qui vero consectetur et.', 'Minima nesciunt eligendi quisquam suscipit. Sit doloribus aperiam recusandae. Accusamus rerum deleniti accusamus est eum voluptas. Consectetur ut illum aspernatur repellat.', '1970-10-10'),
(59, 59, 'Dolorem pariatur assumenda rem architecto.', 'Vero sapiente sunt at atque. Dolorem ipsa fugiat sint odit non qui. Consectetur a velit cupiditate minus. Blanditiis quod porro et.', 'Tempore veniam eveniet vitae eligendi sint provident. Necessitatibus et ipsa dolor. Maiores beatae quo atque aut iure ea ea.', '2004-03-05'),
(60, 60, 'Vero praesentium placeat est vel.', 'Molestias molestiae rem sed aspernatur omnis nesciunt error aut. Itaque ab asperiores nihil. Quas voluptatem sunt culpa nam. Aperiam perspiciatis voluptatem reiciendis sit itaque.', 'Eaque exercitationem ad non. Quo quia blanditiis molestiae labore. Corrupti omnis quia dicta eum.', '1996-03-16'),
(61, 61, 'Culpa ipsum culpa delectus ab.', 'Illo voluptate vel autem molestiae quos a. Tempora ab impedit quia omnis. Pariatur distinctio soluta nihil.', 'Assumenda rerum sequi facere pariatur impedit. Non vitae magnam voluptates esse. Ab labore ipsum dolorem aliquam quo quaerat. Hic quibusdam corrupti nobis.', '1995-10-04'),
(62, 62, 'Est id ullam iusto velit quae rem.', 'Recusandae autem hic repellendus rerum rem quis. Corporis voluptatem ducimus omnis qui doloribus. Aperiam veritatis officia totam est amet. Qui nobis omnis et autem in nesciunt quos.', 'Harum dolor et quis eveniet similique ut explicabo error. Repellat dolorem quis odio et. Provident ipsa aut inventore minus aut. Minus in nemo porro sed.', '2005-02-25'),
(63, 63, 'Et modi voluptatem et id est voluptas vitae.', 'Ut error voluptatem quod aperiam. Vero vitae consequatur sit et itaque omnis. Repellat maxime eos eaque saepe architecto. Et est sequi dolorem.', 'Repellat eum blanditiis tenetur explicabo. Reprehenderit quaerat et expedita eum ut est quae consequatur. Ut quas nihil ea autem aut.', '2015-03-15'),
(64, 64, 'Minus nisi asperiores saepe.', 'Et modi saepe aut dolores. Libero beatae modi distinctio aut expedita sit aut perspiciatis.', 'Rerum minima quo sequi reprehenderit architecto quidem. Sapiente pariatur accusamus optio. Quo distinctio culpa qui veniam quisquam a. Aut at tempora fugit quidem voluptas commodi sed.', '2006-07-23'),
(65, 65, 'Pariatur unde quia natus magnam autem.', 'Consequatur ducimus aut exercitationem sequi aut illum. Sunt tenetur consequuntur adipisci est error sint. Rerum incidunt ratione est.', 'Et ut aliquid voluptatum sed est est reiciendis. Accusamus modi neque eaque qui maxime maxime nostrum voluptatem. Praesentium rerum maxime explicabo doloribus.', '1997-08-28'),
(66, 66, 'Non quae architecto sit ipsa enim.', 'Tenetur minima nihil recusandae asperiores. Porro expedita dolor perferendis qui officia vel exercitationem et. Consequatur eius neque sed iste. Ut ipsum et fuga id aspernatur nam.', 'Dignissimos et est sint non ut et. Doloribus vel nisi temporibus voluptatem autem quaerat quo. Repellat sint repudiandae vitae commodi nam explicabo.', '1984-10-16'),
(67, 67, 'Ea aut aut dolorem.', 'Perferendis repudiandae ex omnis corrupti natus. Dolores eos consectetur quisquam rerum. Quisquam quibusdam aut qui esse quia non ea.', 'Dignissimos ducimus illo officia consequatur ab. Quam optio libero tempore itaque. Omnis sunt qui laboriosam et tenetur quaerat.', '2012-09-27'),
(68, 68, 'Dolores eius dolorum perspiciatis eius incidunt qui laboriosam facere.', 'Nobis quis earum adipisci sed. Laboriosam non facilis ex dolores est voluptatibus odit. Natus et libero amet sed ut provident quis. Occaecati ut assumenda minima iure eos.', 'Perspiciatis perspiciatis repudiandae aperiam et repellat. Sunt maxime unde deleniti a at quasi rerum illo. Aperiam esse quis occaecati distinctio fuga.', '2005-05-20'),
(69, 69, 'Alias quis totam et eos omnis qui qui.', 'Omnis nobis natus molestias alias perferendis. Hic nostrum omnis voluptatem repellendus qui repellendus sed.', 'Voluptates et facere dolor reiciendis quia error est. Porro adipisci voluptatem autem culpa labore autem. Maxime voluptatem aut dolorem. Nihil dolor consectetur praesentium officia quo.', '1991-01-21'),
(70, 70, 'Sit dolorem et eum natus.', 'Cumque veritatis saepe natus quisquam ut autem harum. Voluptas commodi aut ut provident ab error eligendi. Repellendus est et et dicta error laudantium id. Tempore minima consequatur hic natus illum itaque nam cumque.', 'Non sint saepe ratione optio tenetur non maiores. Sapiente dolore non sunt minima enim omnis sit. Eius voluptate nam inventore ut nisi.', '1974-05-11'),
(71, 71, 'Corrupti error omnis ut fugit molestiae cumque.', 'Maxime fuga ut eum saepe itaque eos rem voluptatibus. Sit adipisci natus sed rem et est laudantium. Voluptatem a ipsa distinctio at quaerat quos corporis totam.', 'Et quis ut placeat quis hic impedit consequatur. Alias eius aut reiciendis. Voluptatum ipsam sequi similique ducimus iure veritatis voluptatem.', '1977-04-18'),
(72, 72, 'Consequatur corrupti aut odit minima et ut quis.', 'Recusandae rerum et quisquam rerum. Non et omnis necessitatibus deserunt aperiam consectetur.', 'Iusto consequatur recusandae rerum aut doloremque porro. Eum voluptate porro voluptas. Blanditiis placeat unde nihil nihil iusto. Ratione placeat iste autem voluptatem sit facere.', '1995-07-20'),
(73, 73, 'Debitis earum quas harum est iste voluptas.', 'Deleniti perspiciatis molestiae itaque accusamus. Esse soluta explicabo et perspiciatis in provident quae vel. Aut laboriosam aut aperiam quis quibusdam ex illum.', 'Eum vel et eligendi asperiores quo. Labore quasi quas pariatur quibusdam totam fugiat. Dolores voluptatum iste vitae aut beatae aut et. Voluptatem omnis sapiente vero tempore.', '1998-07-18'),
(74, 74, 'Soluta eum aut dolorem molestiae debitis laudantium tempore.', 'Odit non natus expedita omnis. Similique perspiciatis minima accusantium.', 'Sequi expedita velit velit consequuntur dolor. Quo repellat iste esse officiis. Voluptatem perferendis iusto nesciunt eius veritatis atque aut.', '1976-10-12'),
(75, 75, 'Cum est excepturi corrupti qui doloremque dicta eligendi molestiae.', 'Beatae atque asperiores rerum voluptatem non. Vitae recusandae consequatur voluptatem odit qui aliquid. Aut nobis possimus atque illo. Nobis necessitatibus incidunt et sit sunt ut vel est.', 'Doloribus sint ea est sed sunt animi. Voluptas quidem odit quo minus consequatur quae sunt. Ullam harum rem quis dolores voluptate ut ratione.', '1987-05-17'),
(76, 76, 'Libero error accusantium non aliquid deserunt assumenda qui.', 'Id et ut iusto qui. Minima et id est non non atque et ab. Modi ullam dolores illo quia eligendi. Quibusdam velit qui aliquam et nostrum.', 'Et cumque qui perferendis autem. Officiis eum dolore neque quis odio distinctio doloribus. Modi vel veritatis quos modi odit dignissimos et.', '1970-07-31'),
(77, 77, 'Nemo id ut magnam.', 'Quo optio est ea vitae. A et enim aut quos est. Tempore eos natus sit est deserunt. Ullam dicta magni dolorem beatae natus soluta non.', 'Rerum deserunt numquam provident autem qui ullam possimus. Nihil maiores modi est ad. Mollitia magni non porro quo. Expedita odio laborum occaecati quia quam temporibus.', '2008-07-17'),
(78, 78, 'Laboriosam et pariatur molestiae delectus vel itaque voluptatem omnis.', 'Doloremque aut neque fugiat veniam. Voluptas et ea saepe illum optio. Illo quia beatae omnis id earum quo consectetur voluptatum.', 'Quam temporibus nam modi iusto velit labore. Hic voluptatem voluptates et quos.', '1998-11-15'),
(79, 79, 'Sapiente iure eos nobis odio.', 'Perferendis labore ipsa quia qui aspernatur possimus qui. Ea quo doloremque corrupti impedit aut dolores. Et cumque quaerat corrupti aut in.', 'Soluta nihil repudiandae odio odit vitae qui id. Vero quidem voluptatem quis rerum id quidem dolore.', '1984-01-08'),
(80, 80, 'Sint aliquam eum nihil rerum.', 'Culpa veritatis incidunt id. Reprehenderit sed quia et. Culpa rerum vitae sed dolore neque hic mollitia. Earum est repellat non consequatur ab voluptatem facere molestias.', 'Dolores alias qui est quis dolorem nobis. Aut sapiente ea quia et qui. Omnis dolorem at aliquid illo.\nMaiores et neque eos. Ut omnis rerum accusantium non sit omnis ratione.', '2009-06-24'),
(81, 81, 'Rerum quis officiis quidem dignissimos rerum assumenda omnis ea.', 'Dolor qui iusto quasi odit itaque omnis molestias. Sed quis eligendi rerum eos error. Et asperiores animi excepturi sit.', 'Aut consequatur voluptas iste rerum. Fugiat nesciunt tenetur suscipit officia laborum aut. Et aut in vero fugit ducimus at debitis.', '2003-06-04'),
(82, 82, 'Velit quidem asperiores porro ut.', 'Cum officiis natus possimus ea. Non laboriosam in reprehenderit corrupti quod magnam aut. Quia ut similique iusto facere. Distinctio dolores ducimus in.', 'Ipsum sit similique sit harum facilis. Error enim dolor placeat repellat. Magnam quidem vitae veniam repudiandae laborum.', '2011-03-15'),
(83, 83, 'Vero numquam voluptatem reprehenderit aut quas dicta.', 'Libero recusandae fugiat sunt quia ut facilis maiores ut. Commodi est laudantium quam molestiae. Aut sit blanditiis architecto quasi veniam et voluptas.', 'Ad omnis aliquam et consectetur numquam consectetur sequi. Maxime sapiente officiis maxime harum. Adipisci est in sit rerum.', '2011-01-02'),
(84, 84, 'Velit iste qui ut esse blanditiis deserunt.', 'Et nobis odio ex repellendus sit. Nesciunt delectus alias eligendi nostrum illo. Consequatur sit in debitis eos rerum sint dolores.', 'Voluptas est dolor alias quasi aliquam harum. Vel ratione expedita quo eum. Alias accusamus laborum et id harum. Dolores expedita totam reprehenderit eveniet veritatis est.', '2004-09-03'),
(85, 85, 'Tempora enim ut dolores nihil repellendus.', 'Consectetur itaque sint non dolorem qui autem debitis officiis. Nihil dignissimos est labore aut non autem sequi. Ut quibusdam nulla ad velit animi ut unde. Qui praesentium voluptatibus ullam aspernatur illo eos enim.', 'Autem qui quidem qui. Voluptas labore autem minima fugit. Repudiandae corporis laboriosam commodi. Dolor ducimus non ut beatae vero.', '2005-02-24'),
(86, 86, 'Consequatur ut nemo aut quidem quia natus dolorem eos.', 'Ea omnis eos quasi distinctio inventore. Labore est sit asperiores. Natus adipisci error ducimus facere nobis explicabo eaque hic. Ut exercitationem qui cumque aut.', 'Ut sunt aut consequatur nobis. Quis quis occaecati nihil veritatis tenetur nobis. Sed voluptatem non a voluptas non omnis sed culpa.', '2017-02-06'),
(87, 87, 'Quibusdam libero voluptates in ab.', 'Eius fugiat quia perspiciatis cupiditate perspiciatis recusandae non. Quia animi aperiam qui non.', 'Natus illum dolores occaecati totam rerum. Nostrum minima quia possimus itaque. Laboriosam harum in eaque molestias suscipit placeat ex.', '1985-01-01'),
(88, 88, 'Laboriosam animi ut commodi.', 'Neque facilis est ea. Quibusdam quae praesentium accusamus et quia mollitia minus ducimus.', 'Consequuntur amet similique praesentium nostrum. Temporibus fugit sint quae reprehenderit. Perferendis sit aut et qui.', '2009-05-30'),
(89, 89, 'Dicta tempora harum at.', 'Repudiandae qui consequatur nostrum molestias. Eos rerum unde provident earum tempora beatae. Voluptatum aliquid voluptas explicabo nihil assumenda esse et. Error voluptate enim dicta repellendus reprehenderit.', 'Ab non id eum corporis laudantium molestiae dolorum. Voluptatem enim minima temporibus sapiente iusto voluptatem. Delectus neque sed non facere.', '1982-09-28'),
(90, 90, 'Natus ut deserunt non voluptatum fugiat.', 'Iure corrupti recusandae consequatur nihil voluptas distinctio dolorem. Aliquam illum rerum excepturi qui. Ratione quam labore dolor ratione illum omnis. Laboriosam aperiam ea veritatis nostrum minima odit.', 'Fugiat id est velit atque. Fuga saepe autem quibusdam et. Odio repellat placeat quia.', '1991-08-03'),
(91, 91, 'Deserunt nihil cumque eveniet et doloribus.', 'Dolorem veniam amet debitis non blanditiis sit earum ipsum. Aut maiores eum ut minima et impedit fuga. Impedit eos occaecati omnis ipsum nihil. Vitae non molestiae delectus aliquam asperiores corrupti ea. Sapiente tenetur sunt odio et quia dolores.', 'Et non dolor vitae quis eos. Aliquam quis assumenda sit sed.', '1987-05-11'),
(92, 92, 'Aperiam quod accusamus omnis alias.', 'Magnam similique nihil at omnis illo vero doloribus. Tempore voluptatibus adipisci voluptatem magni mollitia qui aliquid facilis. Temporibus repellendus est ut at. Quis et neque eaque dolorum dolorum doloremque.', 'Ex sunt autem adipisci blanditiis est. Velit placeat quibusdam repudiandae eaque quo. Rerum sed nesciunt et voluptas sint autem cum. Esse dignissimos et aut aut voluptatem aliquam laborum.', '2003-08-02'),
(93, 93, 'Soluta sapiente tempora quidem inventore accusamus id.', 'Perspiciatis illum optio dolor consequatur. Deserunt incidunt veniam quos tempore voluptas accusamus quia provident. Nemo itaque voluptatem ducimus dolorem et optio.', 'Ex quos quo dolorem praesentium numquam. Dignissimos voluptatem voluptates fugiat in facere minus autem. Voluptatum officia unde nulla.', '2019-04-06'),
(94, 94, 'Eum doloremque voluptate distinctio voluptates quam.', 'Ipsa dolorum voluptatem corporis laboriosam animi aliquam vel. Esse maiores rem quisquam. Non aut enim minima alias.', 'Praesentium expedita natus laboriosam recusandae. Sapiente a doloribus deleniti consectetur est delectus. Suscipit eum deserunt doloribus et omnis sed sint et.', '1975-11-23'),
(95, 95, 'Ut ducimus quis voluptatem iste sed tenetur.', 'Enim reiciendis laboriosam aut et fugiat facilis suscipit. Dolorem mollitia quia nesciunt recusandae cumque cumque corporis. Doloribus et et aut voluptatem id consequuntur velit et.', 'Earum in sed fugiat vel. Perspiciatis velit doloribus repellat et ipsa sequi. Voluptate ea magnam voluptatem exercitationem voluptas. Facere sit cupiditate rerum nobis.', '1997-10-27'),
(96, 96, 'Vel consectetur similique aut non rerum.', 'Cumque autem sed unde quos odio ut. Vel tempore sed natus iste rerum earum dolore. Eaque vitae et sit ipsam ducimus libero non a. Inventore consequatur eveniet fugiat corrupti provident architecto soluta ab.', 'Minima aut eius labore assumenda quae reprehenderit. Commodi dolores et deserunt delectus et. Suscipit quibusdam voluptatem pariatur impedit quisquam sint quasi sunt.', '2007-02-16'),
(97, 97, 'Velit nihil voluptatem ab quaerat maiores iusto dolorem.', 'Non alias recusandae voluptatibus laborum corrupti. Nulla aut inventore ut cumque.', 'Placeat magni dolorum et perspiciatis facilis. Officia deleniti ullam laboriosam esse iste voluptatem. Veniam fugit deleniti dolorum qui.', '2000-04-23'),
(98, 98, 'Ut adipisci est in qui.', 'Ut consequatur error aut dicta laudantium totam. Id illo ea et officia eligendi. Rerum eum aut quia voluptatem consequatur accusantium explicabo. Nostrum dolorem qui alias ut sed et.', 'Ipsa enim cupiditate natus. Quo soluta ad quia sed.', '2017-09-14'),
(99, 99, 'Deleniti eligendi vitae voluptates rerum.', 'Magnam dolorem temporibus sit aut laborum impedit quo. Porro dolore quod veniam aut. Fugiat et rerum corporis omnis illo. Ut id et voluptatibus dolores consequatur.', 'Omnis reiciendis minima doloremque quod enim explicabo sit. Sunt est eos sit.', '1990-09-16'),
(100, 99, 'Ut voluptatibus vel officia placeat.', 'Quo qui qui quos consequatur. Deleniti qui laudantium vel cupiditate sit vero. Eaque dolor dolor quia officia.', 'Aut repellat consectetur ut nulla doloremque id. Alias quibusdam natus voluptatem. Neque magni aut dolores molestiae sequi.', '1993-11-11');

--
-- Indexes for dumped tables
--

--
-- Indexes for table `Authors`
--
ALTER TABLE `Authors`
  ADD PRIMARY KEY (`id`),
  ADD UNIQUE KEY `email` (`email`);

--
-- Indexes for table `fluent`
--
ALTER TABLE `fluent`
  ADD PRIMARY KEY (`id`);

--
-- Indexes for table `Posts`
--
ALTER TABLE `Posts`
  ADD PRIMARY KEY (`id`);

--
-- AUTO_INCREMENT for dumped tables
--

--
-- AUTO_INCREMENT for table `Authors`
--
ALTER TABLE `Authors`
  MODIFY `id` int(11) NOT NULL AUTO_INCREMENT, AUTO_INCREMENT=101;

--
-- AUTO_INCREMENT for table `Posts`
--
ALTER TABLE `Posts`
  MODIFY `id` int(11) NOT NULL AUTO_INCREMENT, AUTO_INCREMENT=101;
COMMIT;

/*!40101 SET CHARACTER_SET_CLIENT=@OLD_CHARACTER_SET_CLIENT */;
/*!40101 SET CHARACTER_SET_RESULTS=@OLD_CHARACTER_SET_RESULTS */;
/*!40101 SET COLLATION_CONNECTION=@OLD_COLLATION_CONNECTION */;
